﻿Designator,Footprint,Quantity,Value,LCSC Part #
"C1, C3, C4, C5",0805,4,10uF,C15850
"C10, C11, C12, C14, C2, C6, C7, C8",0603,8,100nF,C14663
C9,0603,1,1uF,C15849
D1,0805,1,red,NCD0805R1
D3,0805,1,green,KT-0805G
J1,"PhoenixContact_MC_1,5_6-G-3.81_1x06_P3.81mm_Horizontal",1,Conn_01x06,JL15EDGRC-38106G01
"J10, J7, J8, J9","PhoenixContact_MC_1,5_3-G-3.81_1x03_P3.81mm_Horizontal",4,Conn_01x03,WJ15EDGRC-3.81-3P
J2,"PhoenixContact_MC_1,5_2-G-3.81_1x02_P3.81mm_Horizontal",1,Conn_01x02,DB2ERC-3.81-2P-BK
J3,PinHeader_2x05_P1.27mm_Vertical_SMD,1,Conn_ARM_JTAG_SWD_10,HB-PH9-12725PB2GOB
J4,PinHeader_1x03_P2.54mm_Vertical,1,DBG,
J6,USB_C_Receptacle_GCT_USB4105-xx-A_16P_TopMnt_Horizontal,1,USB_C_Receptacle_USB2.0_16P,USB-TYPE-C-018
M7,PinHeader_3x05_P2.54mm_Vertical,1,Servo_x5,C32713292
Q1,SOT-23,1,AO3400A,
"R1, R12, R13, R18",0603,4,330,C23138
"R10, R11, R16",0603,3,0R,C21189
"R14, R5",0805,2,33k,C17633
R15,0805,1,150k,C17470
R19,0603,1,510R,C23193
"R2, R23, R3, R4",0805,4,330,C17630
R21,0603,1,33k,C4216
R22,0603,1,10k,C25804
R6,0805,1,220k,C17556
"R7, R8",0603,2,5k1,C23186
R9,0603,1,10k,0603WAF1002T5E
SW1,SW_SPST_TL3342,1,BOOT,TS-1187A-B-A-B
SW2,SW_SPST_TL3342,1,RST,TS-1187A-B-A-B
SW3,SW_SPST_TL3342,1,UP,TS-1187A-B-A-B
SW4,SW_SPST_TL3342,1,DOWN,TS-1187A-B-A-B
SW5,SW_SPST_TL3342,1,RANGE,TS-1187A-B-A-B
"U1, U4",SOIC-8_3.9x4.9mm_P1.27mm,2,MCP4131-104E/SN,MCP4131-104E/SN
U2,SOT-223-3_TabPin2,1,AMS1117-33,AMS1117-33
U3,SOT-23-6,1,SRV05-4,C7420376
U5,SOIC-16_3.9x9.9mm_P1.27mm,1,ULN2003A,ULN2003ADR
U6,ESP32-S2-MINI-1,1,ESP32-S3-MINI-1,ESP32-S3-MINI-1-N8
U7,SMDIP-4_W9.53mm,1,LTV-817S,EL817S1(C)(TU)-F
